Income,Loan_Amount,Credit_Score,DTI,Risk
50000.0,20000.0,700.0,0.4,Low
60000.0,30000.0,650.0,0.5,Low
58750.0,25000.0,600.0,0.425531914893617,High
80000.0,23750.0,720.0,0.296875,Low
45000.0,20000.0,675.0,0.4444444444444444,Low
